Region,State or Province
Central,Illinois
Central,Indiana
Central,Iowa
Central,Kansas
Central,Michigan
Central,Minnesota
Central,Missouri
Central,Nebraska
Central,North Dakota
Central,Oklahoma
Central,South Dakota
Central,Texas
Central,Wisconsin
East,Connecticut
East,Delaware
East,District of Columbia
East,Maine
East,Maryland
East,Massachusetts
East,New Hampshire
East,New Jersey
East,New York
East,Ohio
East,Pennsylvania
East,Rhode Island
East,Vermont
East,West Virginia
South,Alabama
South,Arkansas
South,Florida
South,Georgia
South,Kentucky
South,Louisiana
South,Mississippi
South,North Carolina
South,South Carolina
South,Tennessee
South,Virginia
West,Arizona
West,California
West,Colorado
West,Idaho
West,Montana
West,Nevada
West,New Mexico
West,Oregon
West,Utah
West,Washington
West,Wyoming
